user_id,Username,anime_id,Anime Title,rating
55517,galaxxxy,578.0,Hotaru no Haka,6.0
553333,Jkunjp,8599.0,Mayoi Neko Overrun! Specials,10.0
507703,MarioGomez,1840.0,Zero no Tsukaima: Futatsuki no Kishi,5.0
426771,ZertoH,2191.0,Waver,7.0
350528,Poliander,3455.0,To LOVE-Ru,7.0
305423,zellii,390.0,Suzuka,9.0
100535,isocum,4382.0,Suzumiya Haruhi no Yuuutsu (2009),3.0
58484,yosuke_kun,712.0,Zoids Genesis,8.0
381720,kadze,9253.0,Steins;Gate,10.0
328485,edelweiss,121.0,Fullmetal Alchemist,8.0
558889,aishiraishi,10163.0,C: The Money of Soul and Possibility Control,8.0
101955,Trilioh,34134.0,One Punch Man 2nd Season,7.0
38154,ForlornHope,61.0,D.N.Angel,7.0
509638,Coolman920,19815.0,No Game No Life,8.0
10184,xoxl,5300.0,Zoku Natsume Yuujinchou,10.0
89794,Razma,385.0,Gilgamesh,9.0
371836,weast,5205.0,Kara no Kyoukai Movie 7: Satsujin Kousatsu (Go),7.0
311388,Asterik,2171.0,Detective Conan Movie 11: Jolly Roger in the Deep Azure,6.0
290065,Karutsuki,9756.0,Mahou Shoujo Madoka★Magica,9.0
15740,kaworu5,1815.0,Shakugan no Shana Movie,6.0
366134,kamui_san,228.0,Jigoku Shoujo,8.0
430890,pedrocerdeira,356.0,Fate/stay night,9.0
69115,joanah009,888.0,Megami Kouhosei,7.0
357720,B3tr4y3r,32281.0,Kimi no Na wa.,7.0
25126,cjblackwing,3613.0,Toshokan Sensou,9.0
60711,Fabrice,5940.0,Seiken no Blacksmith,5.0
50850,StormCast,487.0,Girls Bravo: Second Season,6.0
382684,_kyynooss,65.0,Rozen Maiden: Träumend,8.0
335052,blackmageonfire,1519.0,Black Lagoon: The Second Barrage,9.0
416139,theblackknight,675.0,One: Kagayaku Kisetsu e,5.0
474869,saxtonhale,2001.0,Tengen Toppa Gurren Lagann,9.0
88872,sodiumplus,4028.0,Slayers Revolution,9.0
1116225,4roymarc,9919.0,Ao no Exorcist,7.0
82019,nesp,102.0,Aishiteruze Baby★★,8.0
430770,TanTheMan,12069.0,Hajime no Ippo: Boxer no Kobushi,8.0
408723,Yuphie,20.0,Naruto,7.0
1124765,Falav,10793.0,Guilty Crown,8.0
484238,Narfini,150.0,Blood+,6.0
312116,Lister313,6573.0,Darker than Black: Ryuusei no Gemini,8.0
560453,Barnabii,18179.0,Yowamushi Pedal,6.0
356354,Lizardos,16001.0,Kokoro Connect: Michi Random,8.0
23774,Stajfoo,14653.0,Hayate no Gotoku! Can't Take My Eyes Off You,7.0
360407,Kevskies,12531.0,Sakamichi no Apollon,9.0
29543,KhalReblic23,194.0,Macross Zero,8.0
315791,_yorokonde_,22135.0,Ping Pong the Animation,8.0
421728,RoyalFelguard,2404.0,Zombie-Loan,7.0
318284,Ariko-san,3417.0,Yawaraka Sangokushi Tsukisase!! Ryofuko-chan,6.0
1068535,bradley144,199.0,Sen to Chihiro no Kamikakushi,8.0
69174,ParsleyOat,21.0,One Piece,7.0
72349,poonfisher69,512.0,Majo no Takkyuubin,9.0
81599,dhaithi,10379.0,Natsume Yuujinchou San,9.0
1107353,WOND3rGnome,7054.0,Kaichou wa Maid-sama!,8.0
29968,TiGeR_991,477.0,Aria the Animation,8.0
440057,Gingerspine,6746.0,Durarara!!,9.0
539011,nail46,379.0,Heppoko Jikken Animation Excel♥Saga,4.0
25229,Iplewhelmed,2799.0,Hello! Sandybell,9.0
14366,Eire,5220.0,Shangri-La,4.0
501272,O1ja,512.0,Majo no Takkyuubin,8.0
399281,Manoten,18295.0,Kakumeiki Valvrave 2nd Season,7.0
1101301,kyoaniftw,9656.0,Kimi ni Todoke 2nd Season,6.0
448410,LuminaFlare,40904.0,Bokutachi no Remake,7.0
27495,lunabor,16918.0,Gin no Saji,8.0
382181,fariss92,223.0,Dragon Ball,7.0
1061905,Kakanin,10897.0,Boku wa Tomodachi ga Sukunai: Yaminabe wa Bishoujo ga Zannen na Nioi,7.0
401208,Yumekichi11,416.0,Kurenai no Buta,9.0
969775,greatedcorn,1579.0,Kiniro no Corda: Primo Passo,8.0
298708,iKaitou,2001.0,Tengen Toppa Gurren Lagann,9.0
343267,ch35t3r,10681.0,Blood-C: The Last Dark,6.0
510614,DarkDeoxys,9917.0,Pokemon Movie 14 White: Victini to Kuroki Eiyuu Zekrom,6.0
426155,Ficik,10893.0,Kyousou Giga,9.0
40178,SailorCardKnight,1078.0,Cardcaptor Sakura: Kero-chan ni Omakase!,8.0
25740,Sn00py_Legend,2159.0,Ookiku Furikabutte,7.0
60936,QuorQ,4548.0,Yozakura Quartet,6.0
564885,TheApatheticHero,15879.0,Chuunibyou demo Koi ga Shitai! Depth of Field: Ai to Nikushimi Gekijou,6.0
864385,rilakkumas,4752.0,Vampire Knight Guilty,9.0
78404,Unitedsticks,577.0,Kagi Hime Monogatari: Eikyuu Alice Rondo,8.0
336759,prodigyarcangel,27655.0,Aldnoah.Zero Part 2,8.0
45889,Huntestik,382.0,Futari Ecchi,7.0
30861,BD,2167.0,Clannad,9.0
418261,Genre,5341.0,Ookami to Koushinryou II,8.0
425737,Aniratac,6500.0,Seikon no Qwaser,8.0
77293,kowz,24011.0,Lance N' Masques,3.0
507940,Thaaye_e,5258.0,Hajime no Ippo: New Challenger,10.0
374221,FXAW,20555.0,SoniAni: Super Sonico The Animation,6.0
35246,hitokiri000,24833.0,Ansatsu Kyoushitsu,9.0
60973,wiwo,4186.0,Chrome Shelled Regios,8.0
739805,DGM_Yui,389.0,Karas,8.0
395476,Mystic_Topaz,9919.0,Ao no Exorcist,8.0
390768,conker88,962.0,Aria the Natural,10.0
299399,blekohl,35838.0,Shoujo Shuumatsu Ryokou,10.0
298712,Ivory,39741.0,Violet Evergarden Gaiden: Eien to Jidou Shuki Ningyou,9.0
498091,denomus,16910.0,Namiuchigiwa no Muromi-san,8.0
329483,Nana-tan,1689.0,Byousoku 5 Centimeter,10.0
1062481,Yukiko_Fukada,1535.0,Death Note,10.0
119085,kaosu-kun,4752.0,Vampire Knight Guilty,7.0
385619,Vanheart,9760.0,Hoshi wo Ou Kodomo,8.0
311608,Slushpuppy282,251.0,Kyou kara Maou!,8.0
72606,gloomheart,11843.0,Danshi Koukousei no Nichijou,8.0
476223,gamefreak55,7769.0,Ookami-san to Shichinin no Nakama-tachi,7.0
48024,Lucek,4901.0,Black Lagoon: Roberta's Blood Trail,10.0
569753,wldms11,4550.0,Hyakko,10.0
435884,kamio93,269.0,Bleach,9.0
34197,lakkachan,1379.0,Kino no Tabi: The Beautiful World - Nanika wo Suru Tame ni - Life Goes On.,9.0
399338,Yotsubatozetsubo,2921.0,Ashita no Joe 2,7.0
580435,Lavrence92,512.0,Majo no Takkyuubin,8.0
90690,skules,1575.0,Code Geass: Hangyaku no Lelouch,8.0
113319,caliburX,2001.0,Tengen Toppa Gurren Lagann,8.0
379078,CyxMeT,48239.0,Leadale no Daichi nite,6.0
569613,rafi_virsuit,1525.0,Pokemon Crystal: Raikou Ikazuchi no Densetsu,5.0
13227,COpeter,567.0,The Big O,7.0
33108,Kiniro,2251.0,Baccano!,10.0
489962,ManDurphies,6702.0,Fairy Tail,7.0
21632,MeteorFlare,11785.0,Haiyore! Nyaruko-san,10.0
290515,enmaaa,3588.0,Soul Eater,8.0
354325,rayed82,39292.0,Princess Connect! Re:Dive,4.0
543049,Arbayest,14227.0,Tonari no Kaibutsu-kun,8.0
337705,MaSaoMi-KIDA,12365.0,Bakuman. 3rd Season,9.0
301756,Belisar,23199.0,Durarara!!x2 Shou,7.0
97851,escape_rope,31964.0,Boku no Hero Academia,8.0
415397,xlollyx,28497.0,Rokka no Yuusha,7.0
364868,Dream905,7054.0,Kaichou wa Maid-sama!,8.0
399930,kitsplut,35434.0,Konbini Kareshi,5.0
71657,Kenzoku,22147.0,Amagi Brilliant Park,7.0
32762,cutepopularmaido,8426.0,Hourou Musuko,5.0
1064299,invASIAN,11597.0,Nisemonogatari,9.0
86671,kizuki-sama,24.0,School Rumble,8.0
333249,zswader,1807.0,Prism Ark,5.0
428250,noitaneito,6377.0,Zan Sayonara Zetsubou Sensei,7.0
101948,Lady_Nera,34337.0,Ikemen Sengoku: Toki wo Kakeru ga Koi wa Hajimaranai,6.0
19616,skmDoll,1946.0,Ashita no Nadja,9.0
371024,suixdream,18099.0,Recorder to Randoseru Mi☆,6.0
516967,Hantek,355.0,Shakugan no Shana,7.0
70555,sakurajade,2580.0,Tsukuyomi: Moon Phase Special,6.0
347447,Hesee,26055.0,JoJo no Kimyou na Bouken Part 3: Stardust Crusaders 2nd Season,9.0
111634,Immortal_Phoenix,28907.0,"Gate: Jieitai Kanochi nite, Kaku Tatakaeri",9.0
326851,lews_the_blue,2890.0,Gake no Ue no Ponyo,10.0
571557,Nekwo,552.0,Digimon Adventure,8.0
341431,raeuberritze,16381.0,Santa Company,6.0
350820,primaryenvy,2034.0,Lovely★Complex,6.0
75446,p01ntl3ss,3613.0,Toshokan Sensou,8.0
1085357,Berelis,38472.0,Isekai Quartet,9.0
353469,DUO_POL,2385.0,One Piece: Jango no Dance Carnival,10.0
88511,tekgen,66.0,Azumanga Daiou The Animation,8.0
464489,561891,1138.0,Medarot,7.0
96096,mimzy,322.0,Paradise Kiss,10.0
14833,Cniht,2928.0,.hack//G.U. Returner,6.0
105978,silverdragon711,536.0,Slayers: The Motion Picture,7.0
466587,Mambusia66,36038.0,Net-juu no Susume,7.0
340493,Rina_sama,7724.0,Shiki,10.0
43700,gibson5592,31580.0,Ajin,8.0
320341,Deeep-Sea,14941.0,AKB0048: Next Stage,8.0
478149,Dokke,13331.0,Jormungand: Perfect Order,8.0
17621,dripper,998.0,Blue Seed,9.0
526467,-Sumire-,22199.0,Akame ga Kill!,6.0
395120,sogerking,459.0,One Piece Movie 01,8.0
562957,CrystalNova,5690.0,Nodame Cantabile: Finale,9.0
486186,Bakuchi,10721.0,Mawaru Penguindrum,8.0
505825,Djallel-Walker,9465.0,Break Blade Movie 4: Sanka no Chi,8.0
73255,Bageltron,2167.0,Clannad,9.0
500743,itachi140,1278.0,Bishoujo Senshi Sailor Moon SuperS Gaiden: Ami-chan no Hatsukoi,6.0
513762,Flare195,12487.0,Kyoukaisenjou no Horizon II,10.0
119818,Colin4128,32281.0,Kimi no Na wa.,10.0
385794,themastr1024,2476.0,School Days,9.0
314751,auco,5112.0,Akikan!,5.0
491206,kelebeq,43693.0,Thermae Romae Novae,7.0
117740,PrimeTarget,5.0,Cowboy Bebop: Tengoku no Tobira,9.0
83628,Hakashi,1735.0,Naruto: Shippuuden,8.0
302877,CrossWTF,6572.0,Shakugan no Shana S,9.0
33480,chocho,532.0,Bishoujo Senshi Sailor Moon S,7.0
457334,Xarav,16668.0,Kakumeiki Valvrave,8.0
111195,georgeobj,1604.0,Katekyo Hitman Reborn!,10.0
101239,Bugtrooper,54.0,Appleseed (Movie),7.0
464097,pinkangel9252,90.0,Shin Kidou Senki Gundam Wing,10.0
427556,Choobiepie,2131.0,Bokusatsu Tenshi Dokuro-chan 2,10.0
86981,Beerog,2605.0,Sayonara Zetsubou Sensei,8.0
58116,CojoWenli,270.0,Hellsing,8.0
52688,Zunka,431.0,Howl no Ugoku Shiro,9.0
334844,redthree,403.0,Hanaukyou Maid-tai,9.0
374705,IDontPlay247,1735.0,Naruto: Shippuuden,9.0
11818,Lab-Member-000,1015.0,Full Metal Panic! The Second Raid: Wari to Hima na Sentaichou no Ichinichi,8.0
342185,gabcia1990,19285.0,Shingeki no Kyojin: Ano Hi Kara,10.0
10506,Alysinwowland,1018.0,Majutsushi Orphen: Revenge,8.0
555173,Jonmichael,4224.0,Toradora!,8.0
798333,Blackstar8D,33222.0,Fudanshi Koukou Seikatsu,10.0
55224,guiltyparty,16706.0,Kami nomi zo Shiru Sekai: Megami-hen,6.0
550051,JessiCouture,9253.0,Steins;Gate,10.0
329427,Tekao,38464.0,Ashita Sekai ga Owaru toshitemo,4.0
380475,nekogirl127,16662.0,Kaze Tachinu,8.0
65069,andrelimfj,6372.0,Higashi no Eden Movie I: The King of Eden,8.0
40029,Danfer,35788.0,Shokugeki no Souma: San no Sara,7.0
402117,o0mrg0o,31646.0,3-gatsu no Lion,10.0
79500,NabbedO_o,4059.0,"Clannad: Mou Hitotsu no Sekai, Tomoyo-hen",7.0
1123505,itachisage,33047.0,Fate/Extra: Last Encore,6.0
1108573,idk7788,8676.0,Amagami SS,8.0
392747,ElectricSheep,1430.0,Lupin III: Cagliostro no Shiro,8.0
35340,Rell12,1735.0,Naruto: Shippuuden,9.0
345987,ColdLaU,31636.0,Dagashi Kashi,7.0
413585,yessiex3,29803.0,Overlord,8.0
1071141,benben2310,13145.0,Cardfight!! Vanguard: Asia Circuit-hen,10.0
105199,hkfoot,4722.0,Skip Beat!,9.0
31461,Gormel,21881.0,Sword Art Online II,8.0
569909,Cely_belly,26213.0,Free! Eternal Summer: Kindan no All Hard!,8.0
318160,slamduncan21,23311.0,Garo: Honoo no Kokuin,8.0
58099,darthwood,9656.0,Kimi ni Todoke 2nd Season,10.0
94033,ejala,32572.0,Neko Neko Nihonshi,8.0
58334,KuraudoSutoraifu,60.0,Chrno Crusade,10.0
401256,Zakness,10155.0,Dog Days,6.0
51704,Acinonyx,3712.0,Zero no Tsukaima: Princesses no Rondo,3.0
3400,Haiyu,7.0,Witch Hunter Robin,9.0
315293,Krokos,20.0,Naruto,8.0
324848,desimonsma,741.0,Sensitive Pornograph,6.0
110622,Barbara-chan,36862.0,Made in Abyss Movie 3: Fukaki Tamashii no Reimei,9.0
436140,Ryukatsu,8407.0,Sora no Otoshimono Forte,9.0
76711,solari,1118.0,Pokemon Movie 03: Kesshoutou no Teiou Entei,5.0
512874,iWatch_Anime,934.0,Higurashi no Naku Koro ni,8.0
435300,Sapamo,33203.0,Fukumenkei Noise,7.0
46986,edosudoku,1604.0,Katekyo Hitman Reborn!,9.0
458275,rowdyboy,16524.0,Suisei no Gargantia,7.0
345345,evgsv,644.0,Hachimitsu to Clover Specials,8.0
302061,Escapist910,30.0,Neon Genesis Evangelion,7.0
480,Sync,196.0,Onegai☆Twins,9.0
403519,sebo18,6773.0,Shakugan no Shana III (Final),7.0
312729,Mariko33,9366.0,Kaichou wa Maid-sama!: Omake da yo!,8.0
855007,N-d-H,2357.0,Kojin Taxi,5.0
539923,demomasters,4059.0,"Clannad: Mou Hitotsu no Sekai, Tomoyo-hen",9.0
812469,DarkJoy,30885.0,Noragami Aragoto OVA,6.0
527773,skyace,20785.0,Mahouka Koukou no Rettousei,4.0
406244,Tathagata,30514.0,Nisekoimonogatari,6.0
1106863,BurningCerberus,22319.0,Tokyo Ghoul,2.0
422113,nspireing,227.0,FLCL,10.0
339866,mindex475,5177.0,Denpa-teki na Kanojo,7.0
505710,roxg3r,121.0,Fullmetal Alchemist,10.0
294177,xFallenAngelx,1726.0,Devil May Cry,8.0
513134,Remiliaaa,1292.0,Afro Samurai,7.0
487915,Rumianek,28223.0,Death Parade,9.0
503007,memorial_address,10863.0,Steins;Gate: Oukoubakko no Poriomania,8.0
449339,fordgt0589,6746.0,Durarara!!,9.0
370135,jkdarlow,1095.0,Kidou Keisatsu Patlabor the Movie,6.0
56713,LiveCursor,101.0,Air,8.0
348548,DWhisper,3419.0,Sumomomo Momomo: Chijou Saikyou no Yome Specials,7.0
390642,devilish_K9,530.0,Bishoujo Senshi Sailor Moon,7.0
13286,Menninkainen,1096.0,Kidou Keisatsu Patlabor 2 the Movie,9.0
40850,Crashito,33743.0,Fuuka,6.0
8479,megagold5,870.0,Dragon Half,8.0
52450,animeobsessed,1682.0,Baldr Force Exe Resolution,8.0
471835,Myko,32438.0,Mayoiga,5.0
489967,Ryoka1,72.0,Full Metal Panic? Fumoffu,8.0
82455,darkrufus,51019.0,Kimetsu no Yaiba: Katanakaji no Sato-hen,6.0
718601,Emono,916.0,Tokkou,10.0
397620,Flopsie,7193.0,Aoi Bungaku Series,8.0
77866,Jabberwock_,384.0,Gantz,10.0
639041,viper26,790.0,Ergo Proxy,10.0
46081,omglulz,957.0,Saiunkoku Monogatari,6.0
111604,dbaranyi,2484.0,Gear Fighter Dendoh,3.0
8483,microxman,6594.0,Katanagatari,9.0
61048,Kortonki,62.0,D.C.: Da Capo,8.0
553725,OliverXTREME,41084.0,Made in Abyss: Retsujitsu no Ougonkyou,9.0
587291,Syliad,21511.0,Kantai Collection: KanColle,5.0
346094,Linkette,11633.0,Blood Lad,10.0
404872,valixt,14833.0,Maoyuu Maou Yuusha,5.0
370747,tengutengu,849.0,Suzumiya Haruhi no Yuuutsu,9.0
370265,Mcdanger,895.0,Dragon Ball Z Movie 02: Kono Yo de Ichiban Tsuyoi Yatsu,7.0
29284,TJK,9201.0,Air Gear: Kuro no Hane to Nemuri no Mori - Break on the Sky,7.0
410602,Sworms,11887.0,Kokoro Connect,9.0
80757,Rech,5630.0,Higashi no Eden,10.0
91570,takurasu,6045.0,Kimi ni Todoke,9.0
380674,theatot,2026.0,Hayate no Gotoku!,9.0
61572,SamirRGDGX,94.0,Kidou Senshi Gundam SEED Destiny,9.0
481384,RinRelic,1535.0,Death Note,9.0
1067261,zxyn,16782.0,Kotonoha no Niwa,7.0
315482,Shadow_Alchemy,387.0,Haibane Renmei,7.0
12847,auryle,2963.0,Minami-ke,9.0
356383,OkDaveGo,9367.0,Freezing,9.0
108243,Carlito,2034.0,Lovely★Complex,5.0
1090149,OpNora,47.0,Akira,9.0
320106,NassoIb,55077.0,Easy Breezy,8.0
71382,EvilRobot,710.0,Rec,9.0
792713,barano,24833.0,Ansatsu Kyoushitsu,6.0
86678,kitsune_senpai,262.0,Happy☆Lesson The Final,6.0
37621,inblue,101.0,Air,5.0
16235,Mobb,16782.0,Kotonoha no Niwa,7.0
1091659,RedFoxOne,13663.0,To LOVE-Ru Darkness,10.0
472265,TooLucky,2104.0,Seto no Hanayome,2.0
292770,gennova,1686.0,Bleach Movie 1: Memories of Nobody,8.0
3528,Ch3a7er,853.0,Ouran Koukou Host Club,8.0
322954,carmen,6245.0,Spirit of Wonder: China-san Tanpenshuu,8.0
1095285,Parasite,20973.0,Sekai Seifuku: Bouryaku no Zvezda,8.0
79182,unclenekomimi,205.0,Samurai Champloo,8.0
117489,NeneHaine,1519.0,Black Lagoon: The Second Barrage,10.0
506400,whiterazor,35626.0,Yao Shen Ji,8.0
112213,xxffgrlxx,133.0,Green Green,7.0
65195,Skarlett-Sky,4080.0,Kyou kara Maou! 3rd Series,9.0
326866,Laconda-chan,2923.0,Shugo Chara!,10.0
6842,d4096l,28701.0,Fate/stay night: Unlimited Blade Works 2nd Season,6.0
508204,TheWorfEffect,71.0,Full Metal Panic!,8.0
484208,LostRadiant,34542.0,Inuyashiki,7.0
909521,Triaspia,97.0,Last Exile,6.0
483590,Zageron,339.0,Serial Experiments Lain,7.0
690505,juliusk,6633.0,Queen's Blade: Gyokuza wo Tsugu Mono,7.0
1098399,Hutimous,8630.0,Hidan no Aria,7.0
478211,snomennescio,35075.0,Hoozuki no Reitetsu 2nd Season,7.0
75219,chaosfirestorm,26349.0,Danna ga Nani wo Itteiru ka Wakaranai Ken,9.0
44741,RiceKun,777.0,Hellsing Ultimate,8.0
794373,cyb0rgguy,1735.0,Naruto: Shippuuden,10.0
377781,lokiandco,450.0,InuYasha Movie 2: Kagami no Naka no Mugenjo,7.0
644991,Nunez67,6594.0,Katanagatari,9.0
102057,TipsyTwist,4798.0,Druaga no Tou: The Aegis of Uruk - Jil no Bouken,9.0
76389,MugzieIsGir,3092.0,Junjou Romantica,5.0
1111979,bookingplanes,4382.0,Suzumiya Haruhi no Yuuutsu (2009),7.0
547117,Kelpo,918.0,Gintama,7.0
321170,shellykanto,38003.0,Bungou Stray Dogs 3rd Season,5.0
10590,Dirty,1292.0,Afro Samurai,8.0
411077,Daisy-chan-2010,11235.0,Amagami SS+ Plus,8.0
56449,KyuzoPL,11241.0,Brave 10,7.0
515723,euthanatos,37999.0,Kaguya-sama wa Kokurasetai: Tensai-tachi no Renai Zunousen,8.0
349617,Vergan,23311.0,Garo: Honoo no Kokuin,8.0
116937,lotusres,3328.0,School Days: Magical Heart Kokoro-chan,6.0
72023,mrSmiles,551.0,Grappler Baki: Saidai Tournament-hen,6.0
68621,Tjep,3359.0,Amatsuki,7.0
43208,RadishTM,1004.0,Kanojo to Kanojo no Neko,10.0
15393,Perringolden,1079.0,Armitage III,7.0
395376,MiuMiu_Alice,24833.0,Ansatsu Kyoushitsu,10.0
503784,herol,1.0,Cowboy Bebop,10.0
384424,gravija,164.0,Mononoke Hime,10.0
1105577,-Sayuri-,6702.0,Fairy Tail,7.0
315714,timw4mail,227.0,FLCL,9.0
431088,Limonete,16742.0,Watashi ga Motenai no wa Dou Kangaetemo Omaera ga Warui!,7.0
406202,reno317,73.0,Full Metal Panic! The Second Raid,8.0
533999,Angel_Prihoti,6948.0,Bakemonogatari Recap,8.0
298057,AL19,21939.0,Mushishi Zoku Shou,9.0
1053267,Maato-chan,51561.0,Dilemma,7.0
108484,Blackhill,9925.0,Amagami SS: Tachibana Miya-hen - Imouto,10.0
295445,astralcalamity,34021.0,Lupin the IIIrd: Chikemuri no Ishikawa Goemon,6.0
361121,Dragon2055,11741.0,Fate/Zero 2nd Season,10.0
101662,SakuraCartelet,317.0,Final Fantasy VII: Advent Children,9.0
60610,AvisMortem,3564.0,Pianist,3.0
504910,7arben9,12531.0,Sakamichi no Apollon,9.0
346846,McguyverZero,10165.0,Nichijou,7.0
118670,mawra01,35760.0,Shingeki no Kyojin Season 3,9.0
469588,Higashi37,121.0,Fullmetal Alchemist,8.0
77636,zeezeers,3927.0,Kidou Senshi Gundam 00 Second Season,7.0
20972,Akivaria,566.0,Tetsuwan Birdy,7.0
783951,lolzteez,6637.0,Higashi no Eden Movie II: Paradise Lost,7.0
490627,Yeulogy,37430.0,Tensei shitara Slime Datta Ken,7.0
5267,Ergrinn,1955.0,Kimagure Robot,8.0
325444,Mitsukai-inki,9088.0,Saiyuuki Gaiden,8.0
423865,xpiti,81.0,Kidou Senshi Gundam: Dai 08 MS Shoutai,9.0
408112,Ziliboba,7059.0,Black★Rock Shooter (OVA),6.0
520489,mardi,17543.0,D-Spray,7.0
113247,Lomax,903.0,Dragon Ball Z Movie 10: Kiken na Futari! Super Senshi wa Nemurenai,10.0
461163,Oolenka,32494.0,Days (TV),7.0
359530,whizzwheelz,339.0,Serial Experiments Lain,7.0
30941,miltonduarte,1943.0,Paprika,4.0
553817,R_A_I,11161.0,Hoshizora e Kakaru Hashi: Kakaru ka? Gakuensai ni Koi no Hashi,4.0
316767,Terranitup,1482.0,D.Gray-man,7.0
555375,ainer1985,521.0,Mermaid Melody Pichi Pichi Pitch,6.0
28917,Experiment_26953,61.0,D.N.Angel,4.0
462230,Catulla,1258.0,Saint Seiya: Kamigami no Atsuki Tatakai,8.0
72017,IntoDEV,4181.0,Clannad: After Story,9.0
37172,Lorwynn,122.0,Full Moon wo Sagashite,8.0
313781,herkz,12531.0,Sakamichi no Apollon,7.0
604231,marmot33,2154.0,Tekkon Kinkreet,7.0
26671,koshin,23755.0,Nanatsu no Taizai,6.0
61633,klavier,64.0,Rozen Maiden,9.0
28172,Krigma,177.0,Tsubasa Chronicle,7.0
405866,hangyaku_no_zan,4192.0,Hayate no Gotoku!!,8.0
111885,Sinvar,2369.0,Rental Magica,8.0
475315,mademeinsane,861.0,xxxHOLiC,8.0
470616,AlexandreEsteves,33263.0,Kubikiri Cycle: Aoiro Savant to Zaregotozukai,6.0
15065,gorgo,38329.0,Seishun Buta Yarou wa Yumemiru Shoujo no Yume wo Minai,9.0
51580,mileylily,123.0,Fushigi Yuugi,9.0
423434,RiaHime,59.0,Chobits,9.0
1088719,Rekkon,6702.0,Fairy Tail,6.0
36709,Snyper64,187.0,Initial D Third Stage,8.0
10123,slymsc,32947.0,Battery,5.0
93091,Maje,14075.0,Zetsuen no Tempest,6.0
91037,EmikoHime,1614.0,Captain Tsubasa: Road to 2002,6.0
494302,AnimeTed,9379.0,Denpa Onna to Seishun Otoko,7.0
551959,JellySushi,1313.0,Digimon Adventure 02,5.0
455923,phoenixdevice,32951.0,Rokudenashi Majutsu Koushi to Akashic Records,3.0
77197,dxthegreat,226.0,Elfen Lied,8.0
542967,TaintedClarity,21339.0,Psycho-Pass Movie,7.0
24890,ess,23251.0,Gugure! Kokkuri-san,5.0
354717,DisMaravin,204.0,Yumeria,8.0
58433,DevilFish,11235.0,Amagami SS+ Plus,9.0
317712,SpaceBiscuit,4280.0,Kara no Kyoukai Movie 4: Garan no Dou,8.0
715595,vikib,2994.0,Death Note: Rewrite,9.0
541053,krutx,6884.0,Ookami to Koushinryou II: Holo no Short Anime,7.0
419372,Gin22,376.0,"Elfen Lied: Tooriame nite Arui wa, Shoujo wa Ikani Shite Sono Shinjou ni Itatta ka? - Regenschauer",9.0
375313,Tyesun,249.0,InuYasha,10.0
386787,Walik,245.0,Great Teacher Onizuka,10.0
1102849,TrueRunny,889.0,Black Lagoon,10.0
112490,48x700mb80min,205.0,Samurai Champloo,10.0
319941,Paradoxal,6895.0,Hakuouki,5.0
1124341,ahmedxwm,4898.0,Kuroshitsuji,6.0
102803,Felipe18713,986.0,Dragon Ball Z Special 1: Tatta Hitori no Saishuu Kessen,10.0
555561,alexander09,9925.0,Amagami SS: Tachibana Miya-hen - Imouto,8.0
30869,Captain_Ziltoid,889.0,Black Lagoon,7.0
541147,Kinnabari,2597.0,Detective Conan OVA 07: A Challenge from Agasa! Agasa vs. Conan and the Detective Boys,10.0
51662,MomoDestro,6922.0,Fate/stay night Movie: Unlimited Blade Works,6.0
75183,Hikaru-chan,957.0,Saiunkoku Monogatari,9.0
490227,Anqo,2950.0,Doubutsu no Mori,8.0
41981,-Ein-,634.0,Koi Kaze,7.0
563861,Rannta,10460.0,Kimi to Boku.,6.0
499403,Lutter,268.0,Golden Boy,10.0
25410,TheReplier,31478.0,Bungou Stray Dogs,7.0
333162,AssortedFlavors,2890.0,Gake no Ue no Ponyo,8.0
62914,Indrycho,16742.0,Watashi ga Motenai no wa Dou Kangaetemo Omaera ga Warui!,7.0
1112217,Louisness,6547.0,Angel Beats!,9.0
98137,cerberus20,849.0,Suzumiya Haruhi no Yuuutsu,7.0
500402,Zurio-sama,1535.0,Death Note,10.0
389998,G0rg1ls,1145.0,Kaze no Youjinbou,7.0
406778,-MiiKiwi,208.0,R.O.D: Read or Die,8.0
403229,machocka,3791.0,Air Gear Special,10.0
1052891,Alinax3,489.0,Kamichu!,6.0
454113,DanaIDA,23281.0,Psycho-Pass 2,9.0
298704,Stiiga,31163.0,Dimension W,8.0
470352,t-c-c180,4382.0,Suzumiya Haruhi no Yuuutsu (2009),6.0
16692,Lax,1519.0,Black Lagoon: The Second Barrage,5.0
75150,Zeino,9062.0,Angel Beats! Specials,7.0
429311,Krikon,356.0,Fate/stay night,8.0
394836,bayarkhuu,44.0,Rurouni Kenshin: Meiji Kenkaku Romantan - Tsuioku-hen,8.0
378149,GodOfTheMachine,1722.0,Nagasarete Airantou,5.0
439669,Zangetsu420,257.0,Ikkitousen,7.0
21026,kenshin514,11741.0,Fate/Zero 2nd Season,7.0
313004,Grevier,6381.0,Strike Witches 2,8.0
7907,ChrisNor,28999.0,Charlotte,9.0
91889,Melissathekaiki,28171.0,Shokugeki no Souma,9.0
35384,KossD,5114.0,Fullmetal Alchemist: Brotherhood,9.0
419472,eithe,1689.0,Byousoku 5 Centimeter,8.0
357588,laxitivity,6573.0,Darker than Black: Ryuusei no Gemini,9.0
558531,Zefirisz,30276.0,One Punch Man,9.0
425206,damnregret11,5667.0,To LOVE-Ru OVA,8.0
358350,Saria-Chan,1157.0,Final Fantasy: Unlimited,6.0
337129,DarkEnergy,37259.0,Hanebado!,7.0
414971,MLWW,3728.0,True Blue,3.0
1076679,Pilzi,17265.0,Log Horizon,6.0
477454,Tiger5792,3455.0,To LOVE-Ru,8.0
505991,ichigo_Hym,26441.0,Junketsu no Maria,10.0
332645,Aika,150.0,Blood+,7.0
477922,JBJ,4789.0,ef: A Tale of Melodies.,5.0
455964,Guy_M,30300.0,"High School DxD New: Oppai, Tsutsumimasu!",7.0
85797,Warner,2490.0,One Piece: Mezase! Kaizoku Yakyuu Ou,7.0
856673,schwanstein,18115.0,Magi: The Kingdom of Magic,9.0
317853,draken-llyod,246.0,Groove Adventure Rave,7.0
50840,Rajden,1888.0,Ichigo Mashimaro OVA,7.0
18328,godzilla210,31859.0,Hai to Gensou no Grimgar,8.0
525719,RinaChanx,11239.0,Hidamari Sketch x Honeycomb,7.0
305076,Pumka,10379.0,Natsume Yuujinchou San,6.0
334095,hotnico,1729.0,Maria-sama ga Miteru 3rd,10.0
337170,Scarlet_night13,648.0,Tsuki wa Higashi ni Hi wa Nishi ni: Operation Sanctuary,9.0
370051,Versaille,25681.0,Kamisama Hajimemashita◎,8.0
569263,74nku,18441.0,Blood Lad: Wagahai wa Neko de wa Nai,6.0
28345,Onegai,2963.0,Minami-ke,8.0
86489,megaapocalypse,1023.0,Wolf's Rain OVA,8.0
41471,Fishin,37999.0,Kaguya-sama wa Kokurasetai: Tensai-tachi no Renai Zunousen,7.0
1059701,Ccftw,20785.0,Mahouka Koukou no Rettousei,9.0
388274,Hayato-san,9756.0,Mahou Shoujo Madoka★Magica,9.0
301947,Yuki-Yu,7791.0,K-On!!,10.0
497518,ingaukki,43.0,Koukaku Kidoutai,10.0
817,AKIO-NOIR,3456.0,Candy☆Boy: Side Story For Archive,8.0
112909,PolkaDox,253.0,Jungle wa Itsumo Hare nochi Guu,8.0
963977,Baba_Yaga,145.0,Kareshi Kanojo no Jijou,6.0
958879,Steinar,5630.0,Higashi no Eden,9.0
92784,Agrael,517.0,School Rumble: Ichi Gakki Hoshuu,8.0
319738,cogielusz,223.0,Dragon Ball,6.0
446198,cliveshiki,2167.0,Clannad,6.0
47607,Hammy,6547.0,Angel Beats!,10.0
436645,Fai-sama,30383.0,Classroom☆Crisis,10.0
539929,hedonesan,523.0,Tonari no Totoro,7.0
1096653,NightmareXPV,15583.0,Date A Live,7.0
1098321,NoobHunterD,35135.0,Koukyoushihen Eureka Seven Hi-Evolution 2: Anemone,4.0
290933,Ureshi3,4938.0,Tsubasa: Shunraiki,10.0
6863,Azure_Archer,688.0,Uta∽Kata,6.0
936393,killover,40497.0,Mahouka Koukou no Rettousei: Raihousha-hen,9.0
305788,43PH06,22877.0,Seireitsukai no Blade Dance,7.0
500342,umi_yuann,2923.0,Shugo Chara!,10.0
299240,Innia,1535.0,Death Note,10.0
405754,true_fen,530.0,Bishoujo Senshi Sailor Moon,8.0
82541,Gaw_Ha_Leccee,92.0,Kidou Shinseiki Gundam X,8.0
375762,ExcaliburJosh,33487.0,Masamune-kun no Revenge,7.0
380921,coolwolf,281.0,Akane Maniax,1.0
114826,Black_Stones,66.0,Azumanga Daiou The Animation,8.0
504087,KittycatFrazzles,9941.0,Tiger & Bunny,8.0
636183,Crescentian,25011.0,Fate/kaleid liner Prisma☆Illya 2wei! Specials,5.0
45268,ludek_cortex,66.0,Azumanga Daiou The Animation,9.0
1069585,navidak,6702.0,Fairy Tail,1.0
532699,IceShark,121.0,Fullmetal Alchemist,9.0
60752,entisocial,1689.0,Byousoku 5 Centimeter,7.0
445701,DrNock,3297.0,Aria the Origination,8.0
320555,Araragi-sensei,36296.0,Hinamatsuri (TV),9.0
553519,Crashfreak200,4224.0,Toradora!,10.0
467204,Firixizu_Mint,10278.0,The iDOLM@STER,7.0
412221,Chojenoe,47163.0,"Tensei Kenja no Isekai Life: Dai-2 no Shokugyou wo Ete, Sekai Saikyou ni Narimashita",6.0
296458,tonk82,1004.0,Kanojo to Kanojo no Neko,7.0
1089739,Jonathanvos,2154.0,Tekkon Kinkreet,6.0
62898,Rapachai,4962.0,Rokumon Tengai Mon Colle Knights,6.0
408762,wertonnn,1564.0,Pokemon Advanced Generation,5.0
418413,3Ginger4u,6547.0,Angel Beats!,10.0
568587,Kiriika,5114.0,Fullmetal Alchemist: Brotherhood,10.0
86998,-Balmung-,14467.0,K,5.0
469827,marinhokun,1259.0,Saint Seiya: Tenkai-hen Josou - Overture,7.0
532769,RicKing,8841.0,Kore wa Zombie desu ka?,10.0
388377,Kotona,48736.0,Sono Bisque Doll wa Koi wo Suru,10.0
523847,Kryomatics,7791.0,K-On!!,6.0
16087,Eimii,5835.0,Hanasakeru Seishounen,10.0
296997,artzol,5081.0,Bakemonogatari,9.0
308163,HigashiPhan,2025.0,Darker than Black: Kuro no Keiyakusha,7.0
978025,Sora-Shiro,22335.0,Teekyuu 3 Specials,9.0
411855,Fantalicious,2151.0,Nils no Fushigi na Tabi,6.0
292408,Aoikikuchiki,269.0,Bleach,10.0
1072569,mel21,7590.0,Mayoi Neko Overrun!,10.0
498323,GreenDog,9330.0,Dragon Crisis!,7.0
115952,SephiriAzure,102.0,Aishiteruze Baby★★,7.0
631453,RoSaryChuu,22199.0,Akame ga Kill!,7.0
550527,Narfa,3588.0,Soul Eater,8.0
370597,maddog,4901.0,Black Lagoon: Roberta's Blood Trail,7.0
110692,akounya,2411.0,Ane to Boin,8.0
756075,sethriell,174.0,Tenjou Tenge,7.0
304498,Darukian,49618.0,Shuumatsu no Walküre II,7.0
419220,paragonxD-flc,969.0,Tsubasa Chronicle 2nd Season,8.0
76219,PTdesu,1530.0,Kanon (2006),10.0
529253,Oo-Muda-Senpai,330.0,Midori no Hibi,8.0
682033,skyseb,4437.0,Naruto: Shippuuden Movie 2 - Kizuna,5.0
416926,Ceph_,6.0,Trigun,10.0
26562,Kurineko,2166.0,Doujin Work,8.0
409161,WongNM,10020.0,Ore no Imouto ga Konnani Kawaii Wake ga Nai Specials,9.0
548575,WoebegoneX,7338.0,Darker than Black: Kuro no Keiyakusha Gaiden,9.0
372211,Sofia_Ray,877.0,Nana,6.0
32246,mikuruhi,8876.0,Koe de Oshigoto! The Animation,7.0
358016,Allen_Cardiff,6927.0,Higashi no Eden: Air Communication,7.0
579823,AttemptingReason,5681.0,Summer Wars,7.0
94442,aneuxcat,52034.0,"""Oshi no Ko""",10.0
839337,topset94,39199.0,Katsute Kami Datta Kemono-tachi e,8.0
100812,Yoru,18115.0,Magi: The Kingdom of Magic,7.0
114322,ZakuAce,1143.0,.hack//Intermezzo,8.0
308700,kruemk,431.0,Howl no Ugoku Shiro,2.0
559435,Narcissix,7593.0,Kiss x Sis (TV),10.0
307793,lockey,9513.0,Beelzebub,8.0
388643,dancingphalanges,205.0,Samurai Champloo,9.0
558,zanmato666,2563.0,Aria the OVA: Arietta,9.0
6683,BigBagODicks,5365.0,Tsumiki no Ie,10.0
343180,HansimPech,3449.0,Kamichu! Specials,6.0
304049,Lylaaz,11111.0,Another,5.0
411042,SarcasticPirate,2235.0,Mizu no Kotoba,8.0
435300,Sapamo,36538.0,Natsume Yuujinchou Movie: Utsusemi ni Musubu,9.0
1595,jredbear,1629.0,Devilman Lady,8.0
89777,momichi85,1258.0,Saint Seiya: Kamigami no Atsuki Tatakai,6.0
54725,Hakusu,4975.0,ChäoS;HEAd,10.0
345215,idontcare57,2251.0,Baccano!,8.0
349348,AshiAshi,10321.0,Uta no☆Prince-sama♪ Maji Love 1000%,8.0
105450,IcyAirs,12477.0,Sakasama no Patema,8.0
1110869,sagenova,4181.0,Clannad: After Story,8.0
458803,MightyMorrison,465.0,One Piece Movie 07: Karakuri-jou no Mecha Kyohei,9.0
474754,Shine_,14345.0,Btooom!,6.0
398352,puchacamilo,47.0,Akira,10.0
73911,MezzaWonta,2236.0,Toki wo Kakeru Shoujo,10.0
92592,coolieoolie,31.0,Neon Genesis Evangelion: Death & Rebirth,8.0
468896,PedroHaikara,3031.0,Digimon Frontier: Ornismon Fukkatsu!!,9.0
429287,007,22189.0,Futsuu no Joshikousei ga [Locodol] Yattemita.,6.0
2802,mikuru-tan,1752.0,Di Gi Charat: Hoshi no Tabi,7.0
496926,KiritoMilw,4059.0,"Clannad: Mou Hitotsu no Sekai, Tomoyo-hen",10.0
379338,Kitsuoda,777.0,Hellsing Ultimate,9.0
106593,RendezvousWDeath,896.0,Dragon Ball Z Movie 03: Chikyuu Marugoto Choukessen,7.0
1350,kyo,5356.0,Canaan,7.0
434374,Dienoful,8630.0,Hidan no Aria,5.0
47191,LeeGaa-san,395.0,Gantz 2nd Stage,9.0
557401,KamiNoItte,10805.0,Kami nomi zo Shiru Sekai: 4-nin to Idol,8.0
22504,SawBone,31754.0,Aoharu x Kikanjuu: Kemono-tachi no Senjou da na!,6.0
66868,Reenjii,269.0,Bleach,8.0
548661,Eisei24,8086.0,Densetsu no Yuusha no Densetsu,7.0
535395,guibeux,21.0,One Piece,10.0
80226,CunningPlan,66.0,Azumanga Daiou The Animation,7.0
611111,funkotaku,20787.0,Black Bullet,6.0
385148,pinkranger15,33253.0,Ajin Part 2,7.0
874221,gofent,513.0,Tenkuu no Shiro Laputa,7.0
438188,Baazero,24371.0,Kidou Senshi Gundam Unicorn: Episode EX - Hyakunen no Kodoku,4.0
542083,Gasman101,442.0,Naruto Movie 1: Dai Katsugeki!! Yuki Hime Shinobu Houjou Dattebayo!,8.0
507352,maigo44,8525.0,Kami nomi zo Shiru Sekai,7.0
429536,vichonyans,48553.0,Akebi-chan no Sailor-fuku,9.0
358316,AlexMurphy,28249.0,Arslan Senki (TV),8.0
356882,taweave,539.0,Tenchi Muyou! Ryououki,8.0
40042,Kototsuki_In,1611.0,Galerians: Rion,6.0
324507,AdminRespAWN,463.0,One Piece Movie 05: Norowareta Seiken,10.0
73987,Superduper,1889.0,Higurashi no Naku Koro ni Kai,8.0
383023,chaozneutron,19815.0,No Game No Life,10.0
312570,VONGOLA_2,5674.0,Ashita no Yukinojou,8.0
314213,rubini,11111.0,Another,8.0
457713,Beoulve,587.0,Hanbun no Tsuki ga Noboru Sora,7.0
56158,Tenna,52.0,Kidou Tenshi Angelic Layer,9.0
345532,rotkrox1521,2904.0,Code Geass: Hangyaku no Lelouch R2,10.0
461373,AyuReady,394.0,Ai Yori Aoshi: Enishi,9.0
67072,Louise8,2994.0,Death Note: Rewrite,10.0
498149,Tenshi_,11771.0,Kuroko no Basket,10.0
462861,ScarletKnives,2966.0,Ookami to Koushinryou,9.0
909821,ReiZeroSystem,11499.0,Sankarea,10.0
58359,Drunky,2904.0,Code Geass: Hangyaku no Lelouch R2,10.0
30563,datsunvic,449.0,InuYasha Movie 4: Guren no Houraijima,7.0
90934,ultimalionbeta,150.0,Blood+,8.0
34078,TiElite,8408.0,Durarara!! Specials,7.0
419566,ouipersevere,5958.0,Sora no Otoshimono,8.0
324972,Usagimep,3375.0,Kirepapa.,7.0
377492,Raghadal,594.0,Naruto: Takigakure no Shitou - Ore ga Eiyuu Dattebayo!,6.0
410505,genliana,918.0,Gintama,7.0
100501,shard,12149.0,AKB0048,9.0
484221,damnightmare,1735.0,Naruto: Shippuuden,6.0
87231,Yserdeth,2986.0,Bamboo Blade,9.0
620321,Takumi669,14345.0,Btooom!,9.0
344992,VPX,2472.0,Naruto: Shippuuden Movie 1,8.0
512287,Harii,2263.0,Sonic★the★Hedgehog,5.0
518805,AnimeMangaFever,2520.0,Dragon Ball Specials,8.0
106764,matias067,43692.0,Gokushufudou,10.0
436737,xMookie,10447.0,Aquarion Evol,7.0
105978,silverdragon711,2961.0,Digimon Adventure Movie,7.0
409971,pyloros,573.0,Saber Marionette J,9.0
331344,Wiinry,20583.0,Haikyuu!!,7.0
77356,JacDeJour,693.0,Burn Up Scramble,6.0
97134,Nefferet,34134.0,One Punch Man 2nd Season,8.0
314960,Mate94,13939.0,Accel World EX,7.0
109828,Vampire-Princess,3549.0,Allison to Lillia,8.0
491623,djegjegjo,6213.0,Toaru Kagaku no Railgun,8.0
22491,bran-,4224.0,Toradora!,8.0
59539,lordofthepies,37510.0,Mob Psycho 100 II,10.0
510505,xXRedwolfXx,934.0,Higurashi no Naku Koro ni,8.0
78649,Dae2k4,164.0,Mononoke Hime,8.0
336307,bloodkorsar,7472.0,Gintama Movie 1: Shinyaku Benizakura-hen,8.0
373476,Videlec,1726.0,Devil May Cry,8.0
61195,lisk,2476.0,School Days,5.0
8076,VW_guy,2112.0,Over Drive,8.0
572885,Mehar,35145.0,Kobayashi-san Chi no OO Dragon,7.0
28766,Kurirrin,205.0,Samurai Champloo,7.0
481864,Suwamoto,481.0,Yu☆Gi☆Oh! Duel Monsters,8.0
510845,hayatekun24,552.0,Digimon Adventure,8.0
75196,arthoz,24833.0,Ansatsu Kyoushitsu,9.0
458433,Ryuuza,10165.0,Nichijou,9.0
429632,kyogre96,32188.0,Steins;Gate: Kyoukaimenjou no Missing Link - Divide By Zero,10.0
502298,SymphonySounds,3354.0,Zombie-Loan Specials,6.0
338282,Morringhan,2605.0,Sayonara Zetsubou Sensei,8.0
403266,nirjhor,3702.0,Detroit Metal City,6.0
51726,alicemalice,2154.0,Tekkon Kinkreet,10.0
504360,Vaughn84,38830.0,"Hachi-nan tte, Sore wa Nai deshou!",5.0
30901,vdex42,8074.0,Highschool of the Dead,9.0
370464,PilarGPiraru,11266.0,Ao no Exorcist: Kuro no Iede,8.0
311215,Rinsen,23281.0,Psycho-Pass 2,4.0
61139,Hunk,12477.0,Sakasama no Patema,9.0
464137,CyberSplicer676,9014.0,Kuttsukiboshi,7.0
423241,Nakimi,1065.0,Touch,10.0
1610,Shadow_Blade,527.0,Pokemon,5.0
59437,Regina,24.0,School Rumble,8.0
10601,Noirlax,6.0,Trigun,7.0
461550,wix,7465.0,Eve no Jikan (Movie),7.0
680705,Fishqt,1565.0,Pokemon Diamond & Pearl,6.0
1115775,lauwahjai92,2472.0,Naruto: Shippuuden Movie 1,7.0
22059,Edward_IV,32.0,Neon Genesis Evangelion: The End of Evangelion,8.0
295564,erniode,1575.0,Code Geass: Hangyaku no Lelouch,8.0
481002,kuxota,31430.0,Terra Formars: Revenge,7.0
316990,jaas93,8934.0,Star Driver: Kagayaki no Takuto,5.0
310891,Daverayl,227.0,FLCL,8.0
304517,Nekoromancy,4472.0,Lucky☆Star: Original na Visual to Animation,6.0
20569,seabass6978,35459.0,Boku no Hero Academia: Training of the Dead,6.0
291182,TAPAKAH_TbMbI,3791.0,Air Gear Special,8.0
378126,D-Prodi3y,896.0,Dragon Ball Z Movie 03: Chikyuu Marugoto Choukessen,7.0
553763,ViP3RxS4Ma,11813.0,Shijou Saikyou no Deshi Kenichi OVA,10.0
14346,pi1411,585.0,Mimi wo Sumaseba,9.0
343886,Sieras,7674.0,Bakuman.,10.0
469032,Heartwolf,21.0,One Piece,8.0
479556,KingKronus,269.0,Bleach,10.0
461945,BigWhite95,21.0,One Piece,8.0
53215,Onigiri-heart,66.0,Azumanga Daiou The Animation,8.0
41253,avel,20.0,Naruto,7.0
317853,draken-llyod,159.0,Boukyaku no Senritsu,7.0
91071,cyahia,483.0,Kurau Phantom Memory,9.0
38154,ForlornHope,953.0,Juu Ou Sei,7.0
68883,primeparadigm,1423.0,Lupin III: Napoleon no Jisho wo Ubae,6.0
405948,4kids,2476.0,School Days,7.0
504672,adityabeniardy,25183.0,Gangsta.,8.0
361263,holatuwol,25011.0,Fate/kaleid liner Prisma☆Illya 2wei! Specials,4.0
1108427,Kyrien,10219.0,Oniichan no Koto nanka Zenzen Suki ja Nai n da kara ne!! Special,9.0
424299,superdoctor666,52211.0,Mashle,8.0
6841,ColdFire,269.0,Bleach,9.0
426900,HellecticMojo,1575.0,Code Geass: Hangyaku no Lelouch,3.0
91706,Mr-IcHiGo,3002.0,Gyakkyou Burai Kaiji: Ultimate Survivor,9.0
398626,cherrypaj,10083.0,Shiki Specials,8.0
3610,denpanosekai,37515.0,Made in Abyss Movie 2: Hourou Suru Tasogare,8.0
331689,Guilty_Sky,21.0,One Piece,7.0
385348,raelis,1840.0,Zero no Tsukaima: Futatsuki no Kishi,8.0
40247,Shinai,7724.0,Shiki,9.0
3250,nymphetamine,1074.0,Naruto Narutimate Hero 3: Tsuini Gekitotsu! Jounin vs. Genin!! Musabetsu Dairansen Taikai Kaisai!!,10.0
3320,Shigure_Toshiro,4975.0,ChäoS;HEAd,9.0
1092259,Refugee14488,38691.0,Dr. Stone,9.0
363955,raickos,10155.0,Dog Days,7.0
405149,TallyMei,2904.0,Code Geass: Hangyaku no Lelouch R2,9.0
82872,kittenmogu,1535.0,Death Note,8.0
9338,baka-sama1,2248.0,Naruto: Dai Katsugeki!! Yuki Hime Shinobu Houjou Dattebayo! - Konoha no Sato no Dai Undoukai,7.0
546844,FoxHazard,18507.0,Free!,4.0
372689,Bagos_cho,3901.0,Baccano! Specials,10.0
561979,Andolen,3455.0,To LOVE-Ru,6.0
432123,myltiplex,468.0,Innocence,9.0
1088397,VitorT,11757.0,Sword Art Online,10.0
98223,Masakuni,25777.0,Shingeki no Kyojin Season 2,8.0
4558,pc_animelist,7791.0,K-On!!,9.0
296348,Hebus,71.0,Full Metal Panic!,10.0
35467,De-JaY,9253.0,Steins;Gate,10.0
568773,Mokachino,199.0,Sen to Chihiro no Kamikakushi,9.0
346125,LDvl,3848.0,"One Piece Movie 09: Episode of Chopper Plus - Fuyu ni Saku, Kiseki no Sakura",7.0
442899,BlackStarRuby,32282.0,Shokugeki no Souma: Ni no Sara,8.0
3418,Mefist,1034.0,Ouritsu Uchuugun: Honneamise no Tsubasa,8.0
349439,zhantus,13377.0,Recorder to Randoseru Re♪,8.0
307575,bol,32962.0,Occultic;Nine,5.0
380079,gothx,1559.0,Shijou Saikyou no Deshi Kenichi,7.0
22867,sakaki-chan,811.0,I''s Pure,8.0
63718,slimmmeiske2,4472.0,Lucky☆Star: Original na Visual to Animation,8.0
422511,Khoiboyy,16498.0,Shingeki no Kyojin,8.0
87824,AkatsukiNoTobi,936.0,Naruto Movie 2: Dai Gekitotsu! Maboroshi no Chiteiiseki Dattebayo!,8.0
547251,CrimsonPhantom,18393.0,Fairy Tail x Rave,7.0
434445,collapse,21939.0,Mushishi Zoku Shou,8.0
315446,Metamon,4134.0,"Naruto: Shippuuden - Shippuu! ""Konoha Gakuen"" Den",6.0
20469,YumeNoKage,223.0,Dragon Ball,8.0
412332,Armae,34382.0,Citrus,6.0
493511,Azurial,4744.0,Akaneiro ni Somaru Saka,7.0
554405,Anubis117,30.0,Neon Genesis Evangelion,3.0
297032,duck702,3572.0,Macross F,6.0
559361,DV8FromTheWorld,43.0,Koukaku Kidoutai,8.0
72577,Purgabirdie,30654.0,Ansatsu Kyoushitsu 2nd Season,9.0
350996,Kimor,6682.0,11eyes,4.0
797547,HugKiller,11701.0,Another: The Other - Inga,9.0
530029,dudehacker,10719.0,Boku wa Tomodachi ga Sukunai,8.0
443823,slayer223,30.0,Neon Genesis Evangelion,10.0
537931,uzali,1887.0,Lucky☆Star,9.0
110556,Misty_Anime,550.0,Yu☆Gi☆Oh!,6.0
533043,imscaredtof9,13331.0,Jormungand: Perfect Order,9.0
1117377,Shayia,4898.0,Kuroshitsuji,5.0
1068605,Bixuh,11633.0,Blood Lad,9.0
455857,Amoveo,14199.0,Oniichan dakedo Ai sae Areba Kankeinai yo ne!,7.0
378960,SUPED,10213.0,Maji de Watashi ni Koi Shinasai!,2.0
104181,JIyHaTuK,517.0,School Rumble: Ichi Gakki Hoshuu,8.0
404569,iGotChu,6547.0,Angel Beats!,9.0
455527,ShadowTasos,6325.0,Naruto: Shippuuden Movie 3 - Hi no Ishi wo Tsugu Mono,8.0
565105,mario34,889.0,Black Lagoon,9.0
13609,Fitmk,159.0,Boukyaku no Senritsu,7.0
372988,Natt-chan,32.0,Neon Genesis Evangelion: The End of Evangelion,9.0
350394,TheLittleOne,1212.0,Oban Star-Racers,8.0
77613,StephanePare,1795.0,Dirty Pair: Bouryaku no 005-bin,6.0
331824,Kyaptain,19111.0,Love Live! School Idol Project 2nd Season,10.0
7863,Rogerli10,68.0,Black Cat (TV),8.0
30268,sablecurse,1532.0,Suki na Mono wa Suki Dakara Shou ga Nai!!,7.0
408370,Rinji-,8934.0,Star Driver: Kagayaki no Takuto,8.0
25919,willko307,1203.0,Nitaboh,10.0
479244,CoreAtEase,14227.0,Tonari no Kaibutsu-kun,9.0
462695,Shinzai,1338.0,Shin Megami Tensei: Tokyo Mokushiroku,5.0
326558,Kordal,23781.0,Blade & Soul Specials,8.0
1104089,Smitty_WerbenMan,813.0,Dragon Ball Z,10.0
24411,CynicalTyrant,6372.0,Higashi no Eden Movie I: The King of Eden,10.0
115608,Palmiere,6217.0,Crayon Shin-chan Movie 03: Unkokusai no Yabou,7.0
33060,BeatiGi,249.0,InuYasha,8.0
539437,tenchology,1566.0,Koukaku Kidoutai: Stand Alone Complex - Solid State Society,6.0
399027,jelloshaha,2144.0,Naruto Movie 3: Dai Koufun! Mikazuki Jima no Animaru Panic Dattebayo!,6.0
312312,tklo101,91.0,Shin Kidou Senki Gundam Wing: Endless Waltz,10.0
487820,VySe128,2595.0,D.C.II: Da Capo II,6.0
482381,Misakitaro,2220.0,Be-Boy Kidnapp'n Idol,7.0
1000687,batata2k2,21995.0,Ao Haru Ride,6.0
294617,fedemene,23385.0,Kyoukai no Kanata: Shinonome,6.0
342229,smoker-taisa,1243.0,Night Head Genesis,9.0
1077323,rocketstarter36,1847.0,Rec: Yurusarezarumono,7.0
307418,timi-ke,102.0,Aishiteruze Baby★★,9.0
1118957,alucard211,437.0,Perfect Blue,10.0
643861,epicless,4155.0,One Piece Film: Strong World,9.0
323835,darknessbird,1602.0,Soukou no Strain,4.0
7652,Hippish,6045.0,Kimi ni Todoke,8.0
349852,Dakno,2025.0,Darker than Black: Kuro no Keiyakusha,6.0
1078019,dutchguyqo,5680.0,K-On!,10.0
17738,Hei_BK201,364.0,Gallery Fake,8.0
479299,NamieRikai,7079.0,Ookamikakushi,8.0
1104943,durpela,2175.0,Kino no Tabi: The Beautiful World - Byouki no Kuni - For You,9.0
319355,Susaruna,9135.0,Fullmetal Alchemist: The Sacred Star of Milos,6.0
1072869,morho23,11759.0,Accel World,8.0
376295,ByeByeMrMoon,38787.0,Senryuu Shoujo,7.0
458300,Argg0,3515.0,Saint Seiya: Meiou Hades Elysion-hen,9.0
309474,Steodinh,5734.0,Tayutama: Kiss on My Deity,5.0
889829,Nookie,85.0,Kidou Senshi Zeta Gundam,8.0
384225,mamashi,7593.0,Kiss x Sis (TV),8.0
40029,Danfer,31848.0,Ojisan to Marshmallow,5.0
414102,Sebasu,1132.0,Digimon Frontier,3.0
344245,EdgeMcB,14719.0,JoJo no Kimyou na Bouken (TV),8.0
507936,Casper95,3588.0,Soul Eater,8.0
488106,9Sakashi3,20507.0,Noragami,6.0
45268,ludek_cortex,2253.0,Mazinger Z,7.0
400064,maskedsinner,430.0,Fullmetal Alchemist: The Conqueror of Shamballa,9.0
313662,TalkingTree,28171.0,Shokugeki no Souma,9.0
689919,Grandine09,26243.0,Owari no Seraph,8.0
482602,Yasmeenn,8449.0,Togainu no Chi,4.0
486094,christophergorge,374.0,Bannou Bunka Neko-Musume DASH!,8.0
30412,mossarelli,12355.0,Ookami Kodomo no Ame to Yuki,6.0
450072,inliminelitis,4224.0,Toradora!,8.0
464912,Almy,153.0,Juuni Kokuki,8.0
358170,EncLun,934.0,Higurashi no Naku Koro ni,8.0
372500,oriaxblade,2251.0,Baccano!,8.0
37635,nanisuki,32370.0,D.Gray-man Hallow,7.0
394398,FairyCorpse,34504.0,Seitokai Yakuindomo Movie,9.0
497024,ValarMorghulis,512.0,Majo no Takkyuubin,9.0
79465,chinsuki,269.0,Bleach,7.0
37888,Godfist,1015.0,Full Metal Panic! The Second Raid: Wari to Hima na Sentaichou no Ichinichi,9.0
34804,wicked_liz,732.0,Vampire Hunter D,10.0
485495,dobroanon,8577.0,Aki-Sora: Yume no Naka,8.0
94793,Wiseguy105,33524.0,Sakamoto desu ga? Sakamoto deshita?,7.0
1084709,MiyatouSeishirou,21327.0,Isshuukan Friends.,8.0
490749,Trueshape,9515.0,Highschool of the Dead: Drifters of the Dead,8.0
99687,blagoonga123,12431.0,Uchuu Kyoudai,5.0
741415,tjuggins,9314.0,Fractale,7.0
81109,Mecasonic,527.0,Pokemon,4.0
755163,HerielP48,38009.0,Re:Stage! Dream Days♪,7.0
318369,FiskeR,7088.0,Ichiban Ushiro no Daimaou,7.0
350025,Dante27,1535.0,Death Note,10.0
358127,Meki,13117.0,Hakuouki Movie 1: Kyoto Ranbu,7.0
82405,Zycorax,43299.0,Wonder Egg Priority,7.0
331516,OminousWrex,32108.0,Digimon Adventure tri. 2: Ketsui,6.0
432056,Avichi,9120.0,Beelzebub: Hirotta Akachan wa Daimaou!?,9.0
317118,-Yami,72.0,Full Metal Panic? Fumoffu,9.0
448625,oruu,18153.0,Kyoukai no Kanata,5.0
424842,Pixiedustaddict,3210.0,Ikoku Irokoi Romantan,7.0
403860,Exilarch,31240.0,Re:Zero kara Hajimeru Isekai Seikatsu,8.0
65174,jp_sussa,1482.0,D.Gray-man,8.0
98223,Masakuni,15811.0,Girls & Panzer Specials,6.0
350081,M0LA,6634.0,Sengoku Basara Ni,9.0
104180,silentmagician,5315.0,Ero Manga Mitai na Koi Shiyo,7.0
826483,SargeGO,193.0,Maburaho,2.0
567449,Alhoon,7791.0,K-On!!,9.0
416341,ChocoStar,3655.0,Nabari no Ou,7.0
544145,D3nn1s10,889.0,Black Lagoon,8.0
296384,IniTW8X,10418.0,Deadman Wonderland: Akai Knife Tsukai,6.0
499332,K3nd,9331.0,Yumekui Merry,9.0
427474,notsureifsrs,3784.0,Evangelion: 2.0 You Can (Not) Advance,8.0
497978,Ryu_Kent,2911.0,Kyoushirou to Towa no Sora Specials,7.0
486683,MSE,121.0,Fullmetal Alchemist,8.0
434425,CyberElf,5016.0,Fluximation,7.0
566609,Yuri-Sensei,15771.0,Saint☆Oniisan (Movie),9.0
461308,Rocksolan,14751.0,Bishoujo Senshi Sailor Moon Crystal,2.0
429826,Naoti,195.0,Onegai☆Teacher,8.0
35634,tehmaster,93.0,Kidou Senshi Gundam SEED,9.0
298062,DaRkR0sS3,6922.0,Fate/stay night Movie: Unlimited Blade Works,8.0
989823,Dowakiin,6594.0,Katanagatari,10.0
1098633,DarkLionX,30694.0,Dragon Ball Super,8.0
538941,Doopliss,9919.0,Ao no Exorcist,8.0
362936,bukake21,916.0,Tokkou,7.0
10738,sparks,225.0,Dragon Ball GT,10.0
34686,Loose_Control,1498.0,Black Blood Brothers,7.0
63823,ErinKaro2,72.0,Full Metal Panic? Fumoffu,10.0
338820,Henrikus,2867.0,Ane Jiru The Animation: Shirakawa Sanshimai ni Omakase,7.0
93547,mixh,1002.0,Top wo Nerae 2! Diebuster,8.0
18867,ihasabucket,16.0,Hachimitsu to Clover,9.0
1087419,fiorung,849.0,Suzumiya Haruhi no Yuuutsu,7.0
1069663,Pinchrunner,631.0,Mahoromatic Summer Special,7.0
378442,RyuChan444,1498.0,Black Blood Brothers,9.0
401417,Kalle_Knallkopf,6702.0,Fairy Tail,10.0
1113747,Grick,15793.0,Senki Zesshou Symphogear G,6.0
49614,dalartsun,37105.0,Grand Blue,7.0
9395,kucchan,10191.0,Katte ni Kaizou,7.0
686949,mallorean_thug,4901.0,Black Lagoon: Roberta's Blood Trail,6.0
8218,Instant,158.0,Maria-sama ga Miteru,10.0
100610,Saten-Chan,47162.0,Shokei Shoujo no Virgin Road,7.0
512329,MilfZord,2476.0,School Days,7.0
21900,mcatra,232.0,Cardcaptor Sakura,5.0
101043,Meltingsnow,857.0,Air Gear,8.0
422174,Cerebrop,7054.0,Kaichou wa Maid-sama!,9.0
1052817,JillianSuou,11005.0,Holy Knight,1.0
398172,alexrowe,5940.0,Seiken no Blacksmith,7.0
1104383,dizzyroboto,12189.0,Hyouka,9.0
502545,Kurama4Ever,1829.0,Ged Senki,7.0
437314,kurodeath,6682.0,11eyes,7.0
61843,raziel11,5630.0,Higashi no Eden,8.0
399541,BloodyScarlet,3268.0,Mai-Otome 0: S.ifr,9.0
112607,Raulenzes,1575.0,Code Geass: Hangyaku no Lelouch,10.0
1068261,ttsoso,16868.0,Suki tte Ii na yo. Dareka ga,7.0
473472,AutumnBreeze,8425.0,Gosick,9.0
517035,Winged_Lolita,20.0,Naruto,4.0
355622,Emberxi,21405.0,Bokura wa Minna Kawai-sou,7.0
471194,Llammissar,509.0,I My Me! Strawberry Eggs,7.0
1119489,Mystery-Dude,5177.0,Denpa-teki na Kanojo,9.0
552471,amu3,31964.0,Boku no Hero Academia,9.0
87713,Amilmalas,600.0,Legend of Duo,4.0
436305,CrazyChuy,11111.0,Another,10.0
438289,xplode20,5114.0,Fullmetal Alchemist: Brotherhood,10.0
385131,SiegeFairy,5485.0,Shin Mazinger Shougeki! Z-hen,7.0
15408,Spade,7647.0,Arakawa Under the Bridge,10.0
10341,aoi_kaze,900.0,Dragon Ball Z Movie 07: Kyokugen Battle!! Sandai Super Saiyajin,7.0
638733,JamesOnyx,6954.0,Kara no Kyoukai Movie 8: Shuushou,8.0
87542,MajinDave,54.0,Appleseed (Movie),7.0
26914,cwdou,1140.0,Giniro no Kami no Agito,9.0
498497,LOTSo_,14353.0,Death Billiards,10.0
379979,Alexnym,31633.0,Sushi Police,8.0
529755,CJD,35120.0,Devilman: Crybaby,9.0
1054883,Damaein,14813.0,Yahari Ore no Seishun Love Comedy wa Machigatteiru.,8.0
21739,Bikutoru,202.0,Wolf's Rain,8.0
463071,Lina-kun,2164.0,Dennou Coil,7.0
78156,Bober_Bonker,59.0,Chobits,8.0
80020,Arassar,26.0,Texhnolyze,8.0
559221,r8er72,908.0,Fullmetal Alchemist: Premium Collection,8.0
106931,mbisme,270.0,Hellsing,10.0
433586,Junalu,205.0,Samurai Champloo,10.0
504297,Gridusia,37569.0,Sirius,7.0
3886,mitamaking,27787.0,Nisekoi:,5.0
355166,Kispirics,4719.0,Queen's Blade: Rurou no Senshi,6.0
980761,sleepyslacker,25939.0,Mahou Shoujo Lyrical Nanoha ViVid,6.0
501582,Yoshikuni,2593.0,Kara no Kyoukai Movie 1: Fukan Fuukei,9.0
87047,Beast15,2904.0,Code Geass: Hangyaku no Lelouch R2,9.0
1056707,kingkoopa410,8861.0,"Yosuga no Sora: In Solitude, Where We Are Least Alone.",9.0
454167,tko100,8915.0,Dantalian no Shoka,6.0
345249,Usomochi,33502.0,Shuumatsu Nani Shitemasu ka? Isogashii desu ka? Sukutte Moratte Ii desu ka?,8.0
331751,DilaraPhoenix,6045.0,Kimi ni Todoke,9.0
464723,defoamx,5356.0,Canaan,7.0
318979,DigitalReaper,6594.0,Katanagatari,9.0
412795,elsinc89,467.0,Koukaku Kidoutai: Stand Alone Complex,9.0
1118899,johnniebatista,14941.0,AKB0048: Next Stage,8.0
4607,Fridge,1222.0,Bokura ga Ita,10.0
352399,Reinou,32648.0,Handa-kun,4.0
68369,neito,1352.0,Cyber City Oedo 808,3.0
953587,Tarnow,1127.0,UFO Princess Valkyrie,9.0
492293,ImmortalZero,22225.0,Momo Kyun Sword,6.0
106870,Document,2589.0,Black Cat (TV): Toozakaru Neko,6.0
565539,Guifo,19.0,Monster,10.0
34302,porkcutletbowl,121.0,Fullmetal Alchemist,10.0
491770,Pokemon_Addicted,35015.0,Ani ni Tsukeru Kusuri wa Nai!,7.0
77913,Ryuga,12189.0,Hyouka,8.0
497792,CherryNoir,20973.0,Sekai Seifuku: Bouryaku no Zvezda,8.0
415913,BrickBreak,11577.0,Steins;Gate Movie: Fuka Ryouiki no Déjà vu,9.0
565287,mikerod123,39535.0,Mushoku Tensei: Isekai Ittara Honki Dasu,10.0
348625,Blead,45.0,Rurouni Kenshin: Meiji Kenkaku Romantan,8.0
531081,Halazar,5.0,Cowboy Bebop: Tengoku no Tobira,8.0
112862,angusiasty,33253.0,Ajin Part 2,7.0
361219,qas200,121.0,Fullmetal Alchemist,10.0
983455,Hawtiai,28701.0,Fate/stay night: Unlimited Blade Works 2nd Season,8.0
525931,Vnoui,9063.0,Toaru Kagaku no Railgun: Entenka no Satsuei Model mo Raku Ja Arimasen wa ne.,5.0
57408,jumikao,270.0,Hellsing,5.0
16342,Valashu,38000.0,Kimetsu no Yaiba,10.0
431939,TheVintchester,3702.0,Detroit Metal City,10.0
439097,SuseriNano,24151.0,Ao Haru Ride OVA,8.0
609917,JohnKo23,16199.0,Girls & Panzer: Shoukai Shimasu!,8.0
19976,Shino-rin,47639.0,Blue Reflection Ray,7.0
517675,ishi666,2025.0,Darker than Black: Kuro no Keiyakusha,8.0
433822,DrugStore,265.0,Hajime no Ippo: Mashiba vs. Kimura,9.0
509453,Natsumi-desu,9756.0,Mahou Shoujo Madoka★Magica,10.0
67318,Lye,830.0,Sexfriend,6.0
308585,LazNozomuEien,6045.0,Kimi ni Todoke,8.0
8249,Waldschrat,1060.0,Oruchuban Ebichu,8.0
336480,Dark_Ichigo,10119.0,Seitokai Yakuindomo OVA,10.0
36179,Arpadiam,818.0,Sakura Tsuushin,6.0
487395,DeviSentic,9782.0,Norageki!,3.0
332155,rivalrouswolf,16067.0,Nagi no Asu kara,6.0
38812,MandyBabe,3456.0,Candy☆Boy: Side Story For Archive,7.0
486255,Perception,29095.0,Grisaia no Rakuen,7.0
319374,scorpia10,5682.0,Phantom: Requiem for the Phantom,8.0
413233,Radeus,7472.0,Gintama Movie 1: Shinyaku Benizakura-hen,10.0
77764,kocurek,2178.0,Highlander: The Search for Vengeance,6.0
2299,Gravskopan,2132.0,Inukami! The Movie: Tokumei Reiteki Sousakan Karina Shirou!,6.0
317888,kimaru-sama,3167.0,Eve no Jikan,9.0
41881,WTFwasThat,120.0,Fruits Basket,9.0
380200,ashyash143,2904.0,Code Geass: Hangyaku no Lelouch R2,10.0
500490,VovanKoperativ,21797.0,Chuunibyou demo Koi ga Shitai! Ren Lite,7.0
1125259,triangletech12,624.0,Mouse,9.0
112521,_Meteora_,4472.0,Lucky☆Star: Original na Visual to Animation,7.0
66637,nymph,762.0,Bleach: Memories in the Rain,7.0
363126,AngelsFly,6920.0,Blade,5.0
504432,Maruska,15583.0,Date A Live,6.0
107229,Ysorigin,22135.0,Ping Pong the Animation,8.0
28463,Fukurou,7059.0,Black★Rock Shooter (OVA),8.0
54669,shiroi-kyohaku,1576.0,Bakumatsu Kikansetsu Irohanihoheto,7.0
304653,lorylorybobory,4059.0,"Clannad: Mou Hitotsu no Sekai, Tomoyo-hen",8.0
691963,KaniSama,120.0,Fruits Basket,7.0
468513,Mazzy,1639.0,Boku no Pico,5.0
88245,Xinolith,34451.0,Kekkai Sensen & Beyond,7.0
373785,marta_lutus,17821.0,Stella Jogakuin Koutou-ka C³-bu,8.0
571073,DragonxD,13655.0,Little Busters!,7.0
1094851,bNq,39326.0,Kawaikereba Hentai demo Suki ni Natte Kuremasu ka?,7.0
93324,Akmon,1726.0,Devil May Cry,9.0
357025,jtomato,9367.0,Freezing,8.0
1108967,krulofa_zombie,6747.0,Dance in the Vampire Bund,3.0
358571,Eishelin,7465.0,Eve no Jikan (Movie),9.0
510074,poerk55,1722.0,Nagasarete Airantou,7.0
460902,FFMistress,31401.0,Creamy Pie,7.0
350413,Reazno,11113.0,Usagi Drop Specials,9.0
324940,Madison2201,1519.0,Black Lagoon: The Second Barrage,10.0
1086531,rivercuenta,4726.0,Druaga no Tou: The Sword of Uruk,8.0
304108,Nakrul,41068.0,Texhnolyze: Revisit,5.0
80165,galm,3166.0,Ayakashi,8.0
409942,rdai,23427.0,Oneechan ga Kita: Hajimete no… Kitaa!,9.0
550095,Lonely_Angel1,469.0,Karin,7.0
410258,Switte,9513.0,Beelzebub,7.0
477640,Hence,6351.0,"Clannad: After Story - Mou Hitotsu no Sekai, Kyou-hen",8.0
308908,Predelnik,2001.0,Tengen Toppa Gurren Lagann,8.0
31117,hob,82.0,Kidou Senshi Gundam 0080: Pocket no Naka no Sensou,8.0
469125,Liljr,11433.0,Ano Natsu de Matteru,10.0
514080,wapongti,2994.0,Death Note: Rewrite,7.0
498509,kooaruu,9989.0,Ano Hi Mita Hana no Namae wo Bokutachi wa Mada Shiranai.,10.0
398172,alexrowe,17247.0,Machine-Doll wa Kizutsukanai,7.0
2557,piecemealcranky,31853.0,Biohazard: Vendetta,7.0
349196,bertchen,32949.0,Kuzu no Honkai,6.0
40234,hitsumo,74.0,Gakuen Alice,8.0
338603,lotrpippen,227.0,FLCL,7.0
320596,jimmy1000,274.0,Kiddy Grade,7.0
47377,tygrysica,522.0,Metropolis,8.0
